UID,0,1,2,3,4,5,6,7,8,9,10
1A12DE5,,,,,,,,,,,
1A12DE6,,,,,,,,,,,
1A12DE7,2016 W10,2016 W13,,,,,,,,,
1A12DE8,2016 W43,,,,,,,,,,
1A12DE9,,,,,,,,,,,
1A12DE10,2016 W12,2016 W15,,,,,,,,,
1A12DE11,2016 W08,2016 W19,2016 W20,2016 W21,2016 W22,2016 W23,2016 W24,,,,
1A12DE12,2016 W44,,,,,,,,,,
1A12DE13,2016 W14,2016 W37,,,,,,,,,
1A12DE14,2016 W11,2016 W13,2016 W14,2016 W15,2016 W35,2016 W38,,,,,
1A12DE15,2016 W36,2016 W37,2016 W38,,,,,,,,
1A12DE16,,,,,,,,,,,
1A12DE17,,,,,,,,,,,
1A12DE18,2016 W36,2016 W37,,,,,,,,,
1A12DE19,2016 W09,2016 W14,,,,,,,,,
1A12DE20,2016 W15,2016 W40,2016 W41,,,,,,,,
1A12DE21,2016 W13,2016 W37,,,,,,,,,
1A12DE22,,,,,,,,,,,
1A12DE23,2016 W40,2016 W41,2016 W44,,,,,,,,
1A12DE24,2016 W37,2016 W39,,,,,,,,,
1A12DE25,2016 W44,,,,,,,,,,
1A12DE26,,,,,,,,,,,
1A12DE27,2016 W15,2016 W38,2016 W39,,,,,,,,
1A12DE28,,,,,,,,,,,
1A12DE29,,,,,,,,,,,
1A12DE30,,,,,,,,,,,
1A12DE31,2016 W43,,,,,,,,,,
1A12DE32,,,,,,,,,,,
1A12DE33,,,,,,,,,,,
1A12DE34,2016 W41,,,,,,,,,,
1A12DE35,2016 W13,2016 W39,,,,,,,,,
1A12DE36,2016 W21,,,,,,,,,,
1A12DE37,2016 W35,2016 W39,,,,,,,,,
1A12DE38,,,,,,,,,,,
1A12DE39,2016 W46,,,,,,,,,,
1A12DE40,2016 W13,,,,,,,,,,
1A12DE41,2017 W06,2017 W13,,,,,,,,,
1A12DE42,2016 W11,2016 W38,,,,,,,,,
1A12DE43,2016 W13,2016 W14,2016 W15,,,,,,,,
1A12DE44,2016 W11,,,,,,,,,,
1A12DE45,2016 W37,2016 W40,,,,,,,,,
1A12DE46,,,,,,,,,,,
1A12DE47,2016 W41,2016 W45,,,,,,,,,
1A12DE48,,,,,,,,,,,
1A12DE49,,,,,,,,,,,
1A12DE50,,,,,,,,,,,
1A12DE51,2016 W38,,,,,,,,,,
1A12DE52,2016 W41,,,,,,,,,,
1A12DE53,2016 W41,,,,,,,,,,
1A12DE54,2016 W42,2016 W43,,,,,,,,,
1A12DE55,,,,,,,,,,,
1A12DE56,2016 W41,,,,,,,,,,
1A12DE57,2016 W38,2016 W39,2016 W40,2016 W41,,,,,,,
1A12DE58,2016 W38,,,,,,,,,,
1A12DE59,,,,,,,,,,,
1A12DE60,2016 W12,2016 W34,2016 W35,,,,,,,,
1A12DE61,,,,,,,,,,,
1A12DE62,2016 W40,,,,,,,,,,
1A12DE63,2016 W37,2016 W43,2016 W44,,,,,,,,
1A12DE64,,,,,,,,,,,
1A12DE65,2016 W40,,,,,,,,,,
1A12DE66,2016 W13,2016 W36,2016 W37,2016 W39,,,,,,,
1A12DE67,2016 W43,,,,,,,,,,
1A12DE68,,,,,,,,,,,
1A12DE69,2016 W36,,,,,,,,,,
1A12DE70,2016 W10,2016 W12,2016 W38,,,,,,,,
1A12DE71,,,,,,,,,,,
1A12DE72,,,,,,,,,,,
1A12DE73,2016 W36,2016 W40,,,,,,,,,
1A12DE74,,,,,,,,,,,
1A12DE75,2016 W45,,,,,,,,,,
1A12DE76,2016 W42,2016 W44,,,,,,,,,
1A12DE77,,,,,,,,,,,
1A12DE78,2016 W41,2016 W42,2016 W43,,,,,,,,
1A12DE79,2017 W05,2017 W13,,,,,,,,,
1A12DE80,,,,,,,,,,,
1A12DE81,2016 W18,2016 W22,,,,,,,,,
1A12DE82,2016 W40,,,,,,,,,,
1A12DE83,,,,,,,,,,,
1A12DE84,2016 W41,,,,,,,,,,
1A12DE85,,,,,,,,,,,
1A12DE86,,,,,,,,,,,
1A12DE87,2016 W40,,,,,,,,,,
1A12DE88,2016 W08,2016 W09,2016 W11,2016 W12,2016 W13,2016 W15,2016 W36,,,,
1A12DE89,2016 W20,2016 W22,2016 W23,2016 W24,2016 W29,2017 W25,,,,,
1A12DE90,,,,,,,,,,,
1A12DE91,,,,,,,,,,,
1A12DE92,2016 W38,2016 W40,2016 W41,2016 W42,2016 W44,,,,,,
1A12DE93,2016 W13,2016 W15,2016 W40,,,,,,,,
1A12DE94,2016 W10,,,,,,,,,,
1A12DE95,2016 W36,2016 W37,,,,,,,,,
1A12DE96,2016 W43,2016 W45,,,,,,,,,
1A12DE97,2016 W08,2016 W09,2016 W10,2016 W39,,,,,,,
1A12DE98,2016 W39,,,,,,,,,,
1A12DE99,2016 W14,,,,,,,,,,
1A12DE100,2016 W41,2016 W42,2016 W43,2016 W44,2016 W46,,,,,,
1A12DE101,2016 W09,2016 W41,2016 W42,2017 W11,,,,,,,
1A12DE102,2016 W38,2016 W39,2016 W40,2016 W41,,,,,,,
1A12DE103,2016 W39,2016 W40,2016 W42,2016 W43,,,,,,,
1A12DE104,,,,,,,,,,,
1A12DE105,,,,,,,,,,,
1A12DE106,2016 W37,2016 W38,,,,,,,,,
1A12DE107,2016 W13,2016 W36,2016 W37,,,,,,,,
1A12DE108,2016 W12,2016 W13,2016 W14,2016 W15,2016 W34,2016 W38,2016 W40,,,,
1A12DE109,,,,,,,,,,,
1A12DE110,2016 W34,2016 W37,,,,,,,,,
1A12DE111,2016 W08,2016 W45,,,,,,,,,
1A12DE112,2016 W43,,,,,,,,,,
1A12DE113,,,,,,,,,,,
1A12DE114,2016 W40,,,,,,,,,,
1A12DE115,2016 W14,2016 W37,2016 W40,,,,,,,,
1A12DE116,2016 W39,,,,,,,,,,
1A12DE117,,,,,,,,,,,
1A12DE118,,,,,,,,,,,
1A12DE119,,,,,,,,,,,
1A12DE120,2016 W41,2016 W42,2016 W43,2016 W45,,,,,,,
1A12DE121,,,,,,,,,,,
1A12DE122,2016 W40,,,,,,,,,,
1A12DE123,,,,,,,,,,,
1A12DE124,2016 W38,2016 W39,,,,,,,,,
1A12DE125,,,,,,,,,,,
1A12DE126,,,,,,,,,,,
1A12DE127,2016 W25,2016 W26,2016 W28,2016 W29,2016 W30,,,,,,
1A12DE128,2016 W11,2016 W12,2016 W13,,,,,,,,
1A12DE129,2016 W12,2016 W37,,,,,,,,,
1A12DE130,2016 W47,,,,,,,,,,
1A12DE131,2016 W11,2016 W14,2016 W36,,,,,,,,
1A12DE132,,,,,,,,,,,
1A12DE133,,,,,,,,,,,
1A12DE134,2016 W38,2016 W39,2016 W41,2016 W42,,,,,,,
1A12DE135,,,,,,,,,,,
1A12DE136,,,,,,,,,,,
1A12DE137,2016 W37,2016 W38,,,,,,,,,
1A12DE138,2016 W38,,,,,,,,,,
1A12DE139,2016 W09,,,,,,,,,,
1A12DE140,,,,,,,,,,,
1A12DE141,2016 W08,2016 W10,2016 W38,,,,,,,,
1A12DE142,2016 W46,,,,,,,,,,
1A12DE143,,,,,,,,,,,
1A12DE144,2016 W44,,,,,,,,,,
1A12DE145,2016 W41,2016 W43,2016 W44,,,,,,,,
1A12DE146,2016 W34,,,,,,,,,,
1A12DE147,,,,,,,,,,,
1A12DE148,,,,,,,,,,,
1A12DE149,2016 W21,2016 W23,2016 W24,2016 W42,,,,,,,
1A12DE150,,,,,,,,,,,
1A12DE151,,,,,,,,,,,
1A12DE152,2016 W45,,,,,,,,,,
1A12DE153,,,,,,,,,,,
1A12DE154,,,,,,,,,,,
1A12DE155,2016 W11,2016 W37,2016 W38,2016 W40,,,,,,,
1A12DE156,2016 W23,2016 W24,2017 W26,,,,,,,,
1A12DE157,,,,,,,,,,,
1A12DE158,,,,,,,,,,,
1A12DE159,2016 W41,,,,,,,,,,
1A12DE160,2016 W36,2016 W37,,,,,,,,,
1A12DE161,2016 W42,2016 W43,,,,,,,,,
1A12DE162,2016 W38,2016 W43,,,,,,,,,
1A12DE163,2016 W41,2016 W44,,,,,,,,,
1A12DE164,2016 W44,,,,,,,,,,
1A12DE165,2017 W04,,,,,,,,,,
1A12DE166,,,,,,,,,,,
1A12DE167,2016 W36,,,,,,,,,,
1A12DE168,2016 W16,2016 W19,,,,,,,,,
1A12DE169,,,,,,,,,,,
1A12DE170,,,,,,,,,,,
1A12DE171,2016 W43,2016 W44,2016 W45,,,,,,,,
1A12DE172,2016 W38,,,,,,,,,,
1A12DE173,2016 W44,2016 W46,,,,,,,,,
1A12DE174,,,,,,,,,,,
1A12DE175,2016 W17,2016 W21,,,,,,,,,
1A12DE176,,,,,,,,,,,
1A12DE177,2016 W47,,,,,,,,,,
1A12DE178,2016 W37,,,,,,,,,,
1A12DE179,2016 W14,,,,,,,,,,
1A12DE180,,,,,,,,,,,
1A12DE181,2016 W41,,,,,,,,,,
1A12DE182,2016 W39,,,,,,,,,,
1A12DE183,2016 W12,2016 W34,2016 W36,2016 W37,2016 W38,,,,,,
1A12DE184,2016 W46,,,,,,,,,,
1A12DE185,,,,,,,,,,,
1A12DE186,,,,,,,,,,,
1A12DE187,,,,,,,,,,,
1A12DE188,2016 W41,,,,,,,,,,
1A12DE189,2016 W10,2016 W12,2016 W36,2016 W38,,,,,,,
1A12DE190,2016 W13,2016 W38,2016 W39,,,,,,,,
1A12DE191,,,,,,,,,,,
1A12DE192,2016 W36,2016 W37,,,,,,,,,
1A12DE193,,,,,,,,,,,
1A12DE194,2016 W17,2016 W25,,,,,,,,,
1A12DE195,2016 W11,2016 W12,2016 W13,,,,,,,,
1A12DE196,2016 W23,2016 W30,,,,,,,,,
1A12DE197,,,,,,,,,,,
1A12DE198,,,,,,,,,,,
1A12DE199,2016 W39,,,,,,,,,,
1A12DE200,2016 W12,2016 W16,,,,,,,,,
1A12DE201,,,,,,,,,,,
1A12DE202,,,,,,,,,,,
1A12DE203,,,,,,,,,,,
1A12DE204,2016 W20,2016 W22,2016 W24,2016 W25,2016 W26,2016 W28,2017 W25,,,,
1A12DE205,2016 W16,2016 W18,2016 W21,2016 W22,2016 W23,2016 W24,2016 W26,2016 W27,,,
1A12DE206,2016 W19,2016 W21,2016 W22,,,,,,,,
1A12DE207,2016 W37,,,,,,,,,,
1A12DE208,2016 W42,2016 W44,2016 W45,,,,,,,,
1A12DE209,2016 W45,,,,,,,,,,
1A12DE210,2016 W17,2016 W20,2016 W24,,,,,,,,
1A12DE211,,,,,,,,,,,
1A12DE212,2016 W39,,,,,,,,,,
1A12DE213,2016 W08,2016 W09,2016 W11,2016 W12,2016 W13,2016 W34,2016 W35,2016 W36,2016 W37,2016 W38,2016 W39
1A12DE214,2016 W10,,,,,,,,,,
1A12DE215,2016 W47,,,,,,,,,,
1A12DE216,,,,,,,,,,,
1A12DE217,,,,,,,,,,,
1A12DE218,2016 W13,2016 W34,2016 W36,2016 W37,2016 W38,2016 W39,2016 W40,,,,
1A12DE219,,,,,,,,,,,
1A12DE220,2016 W32,2016 W36,,,,,,,,,
1A12DE221,2016 W41,,,,,,,,,,
1A12DE222,,,,,,,,,,,
1A12DE223,,,,,,,,,,,
1A12DE224,2016 W26,2016 W27,2016 W28,2016 W34,,,,,,,
1A12DE225,2016 W14,2016 W43,,,,,,,,,
1A12DE226,2016 W37,2016 W38,,,,,,,,,
1A12DE227,2016 W38,2016 W39,2016 W42,,,,,,,,
1A12DE228,,,,,,,,,,,
1A12DE229,,,,,,,,,,,
1A12DE230,2016 W19,2016 W22,2016 W28,,,,,,,,
1A12DE231,2016 W19,2016 W23,2016 W24,,,,,,,,
1A12DE232,2016 W11,2016 W13,2016 W14,2016 W38,2016 W39,,,,,,
1A12DE233,2016 W37,2016 W39,,,,,,,,,
1A12DE234,2016 W37,2016 W38,,,,,,,,,
1A12DE235,2016 W22,2016 W23,,,,,,,,,
1A12DE236,2016 W39,,,,,,,,,,
1A12DE237,2016 W24,2016 W26,,,,,,,,,
1A12DE238,,,,,,,,,,,
1A12DE239,,,,,,,,,,,
1A12DE240,2016 W45,,,,,,,,,,
1A12DE241,2016 W13,2016 W38,2016 W40,,,,,,,,
1A12DE242,,,,,,,,,,,
1A12DE243,,,,,,,,,,,
1A12DE244,,,,,,,,,,,
1A12DE245,2016 W16,2016 W19,2016 W20,2016 W21,2016 W22,2016 W23,2016 W25,,,,
1A12DE246,2016 W41,,,,,,,,,,
1A12DE247,,,,,,,,,,,
1A12DE248,2016 W11,2016 W36,2016 W37,2016 W38,2016 W42,2016 W43,,,,,
1A12DE249,2016 W08,2016 W09,,,,,,,,,
1A12DE250,2016 W44,,,,,,,,,,
1A12DE251,,,,,,,,,,,
1A12DE252,2016 W12,2016 W36,2016 W37,,,,,,,,
1A12DE253,2016 W12,2016 W38,,,,,,,,,
1A12DE254,2016 W46,,,,,,,,,,
1A12DE255,2016 W08,2016 W30,,,,,,,,,
1A12DE256,2016 W38,2016 W39,2016 W40,2016 W41,2016 W42,2016 W44,,,,,
1A12DE257,,,,,,,,,,,
1A12DE258,,,,,,,,,,,
1A12DE259,,,,,,,,,,,
1A12DE260,2016 W24,2016 W26,,,,,,,,,
1A12DE261,2016 W40,,,,,,,,,,
1A12DE262,,,,,,,,,,,
1A12DE263,2016 W41,2016 W42,2016 W45,,,,,,,,
1A12DE264,,,,,,,,,,,
1A12DE265,2016 W42,2016 W45,2016 W46,,,,,,,,
1A12DE266,2016 W36,2016 W38,2016 W42,2016 W44,2016 W46,,,,,,
1A12DE267,2016 W08,2016 W13,,,,,,,,,
1A12DE268,2016 W44,2016 W46,2016 W47,,,,,,,,
1A12DE269,2016 W14,,,,,,,,,,
1A12DE270,2016 W39,2016 W40,2016 W42,2016 W45,,,,,,,
1A12DE271,2016 W40,,,,,,,,,,
1A12DE272,,,,,,,,,,,
1A12DE273,2016 W44,2016 W45,,,,,,,,,
1A12DE274,2016 W44,2016 W45,,,,,,,,,
1A12DE275,,,,,,,,,,,
1A12DE276,,,,,,,,,,,
1A12DE277,2016 W10,2016 W14,2016 W16,2016 W17,2016 W19,2016 W28,,,,,
1A12DE278,,,,,,,,,,,
1A12DE279,,,,,,,,,,,
1A12DE280,,,,,,,,,,,
1A12DE281,,,,,,,,,,,
1A12DE282,2016 W42,2016 W44,2016 W45,,,,,,,,
1A12DE283,,,,,,,,,,,
1A12DE284,,,,,,,,,,,
1A12DE285,,,,,,,,,,,
1A12DE286,2016 W12,,,,,,,,,,
1A12DE287,2016 W11,2016 W12,2016 W39,2016 W40,,,,,,,
1A12DE288,2016 W37,2016 W40,2016 W41,,,,,,,,
1A12DE289,2016 W42,2016 W43,,,,,,,,,
1A12DE290,2016 W38,2016 W42,,,,,,,,,
1A12DE291,2016 W19,2016 W27,2016 W28,2016 W30,,,,,,,
1A12DE292,2017 W04,,,,,,,,,,
1A12DE293,2016 W38,,,,,,,,,,
1A12DE294,,,,,,,,,,,
1A12DE295,,,,,,,,,,,
1A12DE296,2016 W11,,,,,,,,,,
1A12DE297,,,,,,,,,,,
1A12DE298,2016 W20,2016 W24,,,,,,,,,
1A12DE299,,,,,,,,,,,
1A12DE300,,,,,,,,,,,
1A12DE301,,,,,,,,,,,
1A12DE302,,,,,,,,,,,
1A12DE303,,,,,,,,,,,
1A12DE304,2016 W17,2016 W20,2016 W25,2016 W30,,,,,,,
1A12DE305,2016 W12,2016 W19,,,,,,,,,
1A12DE306,2016 W42,2016 W45,,,,,,,,,
1A12DE307,,,,,,,,,,,
1A12DE308,2016 W40,2016 W41,2016 W42,2016 W43,2016 W44,,,,,,
1A12DE309,2016 W38,2016 W44,,,,,,,,,
1A12DE310,2016 W39,,,,,,,,,,
1A12DE311,2016 W34,2016 W36,2016 W38,2016 W39,,,,,,,
1A12DE312,2016 W40,2016 W42,,,,,,,,,
1A12DE313,,,,,,,,,,,
1A12DE314,2016 W10,2016 W12,2016 W15,,,,,,,,
1A12DE315,2016 W39,2016 W40,,,,,,,,,
1A12DE316,2016 W11,2016 W14,2016 W15,2016 W38,2016 W39,,,,,,
1A12DE317,2016 W43,,,,,,,,,,
1A12DE318,2016 W42,,,,,,,,,,
1A12DE319,2016 W41,,,,,,,,,,
1A12DE320,,,,,,,,,,,
1A12DE321,,,,,,,,,,,
1A12DE322,2016 W11,2016 W13,2016 W14,2016 W18,2016 W23,2016 W24,2016 W26,2016 W27,2016 W28,,
1A12DE323,2016 W38,,,,,,,,,,
1A12DE324,,,,,,,,,,,
1A12DE325,2016 W42,,,,,,,,,,
1A12DE326,,,,,,,,,,,
1A12DE327,,,,,,,,,,,
1A12DE328,2016 W44,,,,,,,,,,
1A12DE329,2016 W42,2016 W45,,,,,,,,,
1A12DE330,,,,,,,,,,,
1A12DE331,2016 W10,2016 W11,2016 W13,,,,,,,,
1A12DE332,,,,,,,,,,,
1A12DE333,2016 W37,2016 W39,,,,,,,,,
1A12DE334,2016 W40,,,,,,,,,,
1A12DE335,2016 W42,,,,,,,,,,
1A12DE336,,,,,,,,,,,
1A12DE337,,,,,,,,,,,
1A12DE338,,,,,,,,,,,
1A12DE339,2016 W37,2016 W39,2016 W41,2016 W42,,,,,,,
1A12DE340,2016 W08,2016 W10,,,,,,,,,
1A12DE341,2016 W40,,,,,,,,,,
1A12DE342,2016 W36,,,,,,,,,,
1A12DE343,2016 W08,2016 W10,2016 W12,2016 W18,2016 W41,,,,,,
1A12DE344,2016 W44,,,,,,,,,,
1A12DE345,2016 W12,2016 W13,2016 W40,2016 W42,,,,,,,
1A12DE346,,,,,,,,,,,
1A12DE347,2016 W38,,,,,,,,,,
1A12DE348,,,,,,,,,,,
1A12DE349,2016 W38,2016 W41,2016 W42,2016 W43,,,,,,,
1A12DE350,2016 W39,,,,,,,,,,
1A12DE351,2016 W12,2016 W42,2017 W05,,,,,,,,
1A12DE352,2016 W12,2016 W42,2017 W05,,,,,,,,
1A12DE353,2016 W17,,,,,,,,,,
1A12DE354,,,,,,,,,,,
1A12DE355,,,,,,,,,,,
1A12DE356,2016 W39,,,,,,,,,,
1A12DE357,,,,,,,,,,,
1A12DE358,2016 W37,2016 W38,2016 W39,,,,,,,,
1A12DE359,2016 W13,2016 W14,2016 W43,,,,,,,,
1A12DE360,,,,,,,,,,,
1A12DE361,2016 W13,2016 W16,2016 W19,,,,,,,,
1A12DE362,,,,,,,,,,,
1A12DE363,2016 W27,,,,,,,,,,
1A12DE364,,,,,,,,,,,
1A12DE365,,,,,,,,,,,
1A12DE366,2016 W17,,,,,,,,,,
1A12DE367,2016 W08,2016 W10,2016 W11,,,,,,,,
1A12DE368,2016 W38,2016 W39,,,,,,,,,
1A12DE369,2016 W38,,,,,,,,,,
1A12DE370,2016 W21,2016 W30,,,,,,,,,
1A12DE371,,,,,,,,,,,
1A12DE372,2016 W42,2016 W44,2016 W45,,,,,,,,
1A12DE373,2016 W42,,,,,,,,,,
1A12DE374,2016 W11,2016 W35,2016 W41,,,,,,,,
1A12DE375,2016 W39,2016 W40,,,,,,,,,
1A12DE376,,,,,,,,,,,
1A12DE377,2016 W45,,,,,,,,,,
1A12DE378,2016 W42,2016 W44,,,,,,,,,
1A12DE379,2016 W40,2016 W43,,,,,,,,,
1A12DE380,2016 W42,,,,,,,,,,
1A12DE381,2016 W39,2016 W44,,,,,,,,,
1A12DE382,,,,,,,,,,,
1A12DE383,2016 W10,2016 W34,2016 W36,2016 W41,,,,,,,
1A12DE384,2016 W43,,,,,,,,,,
1A12DE385,,,,,,,,,,,
1A12DE386,,,,,,,,,,,
1A12DE387,2016 W11,2016 W12,2016 W34,2016 W35,2016 W37,,,,,,
1A12DE388,2016 W44,2016 W47,,,,,,,,,
1A12DE389,2016 W13,,,,,,,,,,
1A12DE390,2016 W36,2016 W42,2016 W43,,,,,,,,
1A12DE391,2016 W38,,,,,,,,,,
1A12DE392,2016 W46,,,,,,,,,,
1A12DE393,2016 W34,2016 W35,2016 W36,2016 W37,,,,,,,
1A12DE394,,,,,,,,,,,
1A12DE395,2016 W14,2016 W38,,,,,,,,,
1A12DE396,2016 W38,2016 W40,2016 W42,,,,,,,,
1A12DE397,2016 W12,2016 W38,,,,,,,,,
1A12DE398,2016 W38,2016 W41,,,,,,,,,
1A12DE399,2016 W41,2016 W42,2016 W44,,,,,,,,
1A12DE400,2016 W40,,,,,,,,,,
1A12DE401,2016 W45,2016 W46,,,,,,,,,
1A12DE402,2016 W46,,,,,,,,,,
1A12DE403,2016 W38,2016 W39,2016 W41,,,,,,,,
1A12DE404,2016 W42,,,,,,,,,,
1A12DE405,,,,,,,,,,,
1A12DE406,,,,,,,,,,,
1A12DE407,2016 W43,,,,,,,,,,
1A12DE408,,,,,,,,,,,
1A12DE409,,,,,,,,,,,
1A12DE410,2016 W13,,,,,,,,,,
1A12DE411,,,,,,,,,,,
1A12DE412,2016 W08,2016 W37,2016 W38,2016 W41,2016 W42,2016 W43,,,,,
1A12DE413,,,,,,,,,,,
1A12DE414,2016 W39,2016 W40,2016 W41,2016 W42,2016 W44,,,,,,
1A12DE415,2016 W19,2016 W23,,,,,,,,,
1A12DE416,,,,,,,,,,,
1A12DE417,2016 W37,2016 W38,,,,,,,,,
1A12DE418,2016 W47,,,,,,,,,,
1A12DE419,2016 W42,2016 W43,,,,,,,,,
1A12DE420,2016 W42,,,,,,,,,,
1A12DE421,,,,,,,,,,,
1A12DE422,2016 W09,2016 W14,2016 W34,2016 W35,,,,,,,
1A12DE423,2016 W40,2016 W41,2016 W43,2016 W44,2016 W45,,,,,,
1A12DE424,,,,,,,,,,,
1A12DE425,2016 W22,2016 W23,2016 W24,2016 W25,2016 W26,2016 W27,2016 W28,2016 W30,2017 W25,2017 W26,
1A12DE426,,,,,,,,,,,
1A12DE427,,,,,,,,,,,
1A12DE428,2016 W42,,,,,,,,,,
1A12DE429,2016 W35,2016 W38,,,,,,,,,
1A12DE430,2016 W40,2016 W42,,,,,,,,,
1A12DE431,2016 W16,2016 W21,2017 W25,,,,,,,,
1A12DE432,2016 W43,,,,,,,,,,
1A12DE433,2016 W11,,,,,,,,,,
1A12DE434,2016 W40,2016 W41,2016 W42,2016 W43,2016 W44,2016 W45,,,,,
1A12DE435,,,,,,,,,,,
1A12DE436,2016 W11,2016 W13,2016 W28,,,,,,,,
1A12DE437,2016 W42,2016 W45,,,,,,,,,
1A12DE438,2016 W13,2016 W38,,,,,,,,,
1A12DE439,2016 W42,2016 W44,,,,,,,,,
1A12DE440,,,,,,,,,,,
1A12DE441,,,,,,,,,,,
1A12DE442,2016 W12,2016 W13,2016 W15,2016 W39,2016 W42,,,,,,
1A12DE443,2016 W27,2016 W28,,,,,,,,,
1A12DE444,2016 W46,,,,,,,,,,
1A12DE445,,,,,,,,,,,
1A12DE446,,,,,,,,,,,
1A12DE447,2016 W42,,,,,,,,,,
1A12DE448,2016 W39,2016 W43,,,,,,,,,
1A12DE449,,,,,,,,,,,
1A12DE450,2016 W43,2016 W45,,,,,,,,,
1A12DE451,2016 W13,2016 W15,2016 W42,,,,,,,,
1A12DE452,,,,,,,,,,,
1A12DE453,2016 W12,,,,,,,,,,
1A12DE454,,,,,,,,,,,
1A12DE455,,,,,,,,,,,
1A12DE456,2016 W46,,,,,,,,,,
1A12DE457,,,,,,,,,,,
1A12DE458,,,,,,,,,,,
1A12DE459,,,,,,,,,,,
1A12DE460,2016 W41,,,,,,,,,,
1A12DE461,,,,,,,,,,,
1A12DE462,2016 W45,,,,,,,,,,
1A12DE463,2016 W42,,,,,,,,,,
1A12DE464,2016 W39,,,,,,,,,,
1A12DE465,2016 W38,2016 W40,2016 W41,,,,,,,,
1A12DE466,,,,,,,,,,,
1A12DE467,2016 W11,2016 W40,,,,,,,,,
1A12DE468,2016 W15,2016 W39,,,,,,,,,
1A12DE469,2016 W08,2016 W11,2016 W12,2016 W36,,,,,,,
1A12DE470,2016 W43,,,,,,,,,,
1A12DE471,2016 W40,2016 W41,2016 W43,,,,,,,,
1A12DE472,2016 W41,,,,,,,,,,
1A12DE473,2016 W36,2016 W37,,,,,,,,,
1A12DE474,,,,,,,,,,,
1A12DE475,2016 W43,2016 W45,,,,,,,,,
1A12DE476,,,,,,,,,,,
1A12DE477,,,,,,,,,,,
1A12DE478,2016 W44,,,,,,,,,,
1A12DE479,,,,,,,,,,,
1A12DE480,,,,,,,,,,,
1A12DE481,,,,,,,,,,,
1A12DE482,2016 W14,2017 W04,,,,,,,,,
1A12DE483,2016 W36,2016 W38,,,,,,,,,
1A12DE484,2016 W45,2016 W46,,,,,,,,,
1A12DE485,,,,,,,,,,,
1A12DE486,2016 W38,2016 W39,,,,,,,,,
1A12DE487,,,,,,,,,,,
1A12DE488,,,,,,,,,,,
1A12DE489,2016 W08,2016 W10,2016 W36,2016 W37,,,,,,,
1A12DE490,,,,,,,,,,,
1A12DE491,,,,,,,,,,,
1A12DE492,,,,,,,,,,,
1A12DE493,2016 W12,2016 W13,,,,,,,,,
1A12DE494,2016 W22,2016 W23,2016 W28,,,,,,,,
1A12DE495,2016 W09,2016 W11,2016 W12,2016 W13,2016 W14,2016 W37,2016 W38,2016 W39,,,
1A12DE496,2016 W11,2016 W13,2016 W14,2016 W15,2016 W38,,,,,,
1A12DE497,,,,,,,,,,,
1A12DE498,2016 W24,,,,,,,,,,
1A12DE499,,,,,,,,,,,
1A12DE500,2016 W18,2016 W19,2016 W21,2016 W23,,,,,,,
1A12DE501,2016 W42,2016 W43,2016 W44,,,,,,,,
1A12DE502,2016 W15,,,,,,,,,,
1A12DE503,2017 W04,,,,,,,,,,
1A12DE504,,,,,,,,,,,
1A12DE505,,,,,,,,,,,
1A12DE506,2016 W14,2016 W17,2016 W20,2016 W21,2017 W25,,,,,,
1A12DE507,,,,,,,,,,,
1A12DE508,2016 W43,2016 W47,,,,,,,,,
1A12DE509,,,,,,,,,,,
1A12DE510,2016 W38,,,,,,,,,,
1A12DE511,2016 W34,2016 W35,2016 W36,2016 W37,2016 W38,,,,,,
1A12DE512,2016 W15,2016 W39,,,,,,,,,
1A12DE513,2016 W39,2016 W40,,,,,,,,,
1A12DE514,2016 W43,,,,,,,,,,
1A12DE515,,,,,,,,,,,
1A12DE516,2016 W08,2016 W09,2016 W10,2016 W13,2016 W36,,,,,,
1A12DE517,2016 W42,,,,,,,,,,
1A12DE518,2016 W37,2016 W38,2016 W40,,,,,,,,
1A12DE519,,,,,,,,,,,
1A12DE520,2016 W11,2016 W34,2016 W36,2016 W40,,,,,,,
1A12DE521,2016 W41,,,,,,,,,,
1A12DE522,2016 W13,2016 W14,2016 W42,,,,,,,,
1A12DE523,,,,,,,,,,,
1A12DE524,2016 W23,,,,,,,,,,
1A12DE525,2016 W13,2016 W14,2016 W15,2016 W42,,,,,,,
1A12DE526,2016 W09,2016 W10,2016 W11,2016 W39,,,,,,,
1A12DE527,2016 W43,,,,,,,,,,
1A12DE528,2016 W40,,,,,,,,,,
1A12DE529,2016 W14,,,,,,,,,,
1A12DE530,,,,,,,,,,,
1A12DE531,2016 W12,,,,,,,,,,
1A12DE532,,,,,,,,,,,
1A12DE533,2016 W44,,,,,,,,,,
1A12DE534,,,,,,,,,,,
1A12DE535,2016 W38,2016 W39,2016 W40,2016 W41,,,,,,,
1A12DE536,,,,,,,,,,,
1A12DE537,2016 W39,,,,,,,,,,
1A12DE538,2016 W46,,,,,,,,,,
1A12DE539,2016 W43,,,,,,,,,,
1A12DE540,2016 W43,2016 W46,,,,,,,,,
1A12DE541,2016 W41,2016 W44,,,,,,,,,
1A12DE542,,,,,,,,,,,
1A12DE543,,,,,,,,,,,
1A12DE544,2016 W34,2016 W35,2016 W36,2016 W38,,,,,,,
1A12DE545,2016 W11,,,,,,,,,,
1A12DE546,2016 W43,2016 W44,,,,,,,,,
1A12DE547,2016 W44,,,,,,,,,,
1A12DE548,,,,,,,,,,,
1A12DE549,2016 W44,,,,,,,,,,
1A12DE550,2016 W08,2016 W09,2016 W10,2016 W11,2016 W12,2016 W37,,,,,
1A12DE551,,,,,,,,,,,
1A12DE552,,,,,,,,,,,
1A12DE553,,,,,,,,,,,
1A12DE554,,,,,,,,,,,
1A12DE555,,,,,,,,,,,
1A12DE556,2016 W35,,,,,,,,,,
1A12DE557,,,,,,,,,,,
1A12DE558,2016 W40,,,,,,,,,,
1A12DE559,,,,,,,,,,,
1A12DE560,2016 W44,,,,,,,,,,
1A12DE561,,,,,,,,,,,
1A12DE562,2016 W26,,,,,,,,,,
1A12DE563,2016 W45,,,,,,,,,,
1A12DE564,2016 W08,2016 W09,2016 W10,2016 W11,2016 W12,2016 W13,2016 W14,,,,
1A12DE565,2016 W36,,,,,,,,,,
1A12DE566,2016 W38,2016 W39,,,,,,,,,
1A12DE567,2016 W38,2016 W39,2016 W40,2016 W41,2016 W42,2016 W43,2016 W44,,,,
1A12DE568,,,,,,,,,,,
1A12DE569,2016 W44,2016 W45,2016 W46,2016 W47,,,,,,,
1A12DE570,,,,,,,,,,,
1A12DE571,2016 W42,2016 W43,,,,,,,,,
1A12DE572,2016 W12,2016 W13,2016 W14,2016 W15,2016 W41,2016 W42,2016 W43,,,,
1A12DE573,,,,,,,,,,,
1A12DE574,,,,,,,,,,,
1A12DE575,,,,,,,,,,,
1A12DE576,,,,,,,,,,,
1A12DE577,2016 W39,,,,,,,,,,
1A12DE578,2016 W41,2016 W42,2016 W43,2016 W44,2016 W45,2016 W46,2016 W47,,,,
1A12DE579,2016 W41,2016 W44,,,,,,,,,
1A12DE580,,,,,,,,,,,
1A12DE581,2016 W43,2016 W46,,,,,,,,,
1A12DE582,,,,,,,,,,,
1A12DE583,2016 W47,,,,,,,,,,
1A12DE584,2016 W42,,,,,,,,,,